tweet_id,timestamp,username,tweet_text
1998005002355589552,2025-12-08 12:21:28+00:00,lil_misssyOf,@Magalie_Tsunami please send your onlyfans link in dm . I want to subscribe it â¤ï¸â¤ï¸â¤ï¸â¤ï¸
1998004871727870020,2025-12-08 12:20:57+00:00,LLovecraft8896,Listen to And It Would Envelop Him Like a Soundless Tsunami by Cloudkicker https://t.co/JvaiO48CT4 https://t.co/ACRZUoG2hp
1998004522304848025,2025-12-08 12:19:33+00:00,bonillasurtubin,@Ganglosaxonnne Maybe there was a Tsunami and that brought it all the way up there?
1998004358085046680,2025-12-08 12:18:54+00:00,0xPhilanthrop,ğŸ’¥ BREAKING ğŸ’¥  The Federal Reserve is expected to begin buying back a record-breaking $45 BILLION of debt every month starting in January.  This is the largest buyback pace in history â€”  liquidity tsunami incoming.  Risk assets and crypto could explode https://t.co/aOLKW0zB2M
1998003430535925999,2025-12-08 12:15:13+00:00,DanXLancaster,@rationalaussie Anthropic's Opus 4.5 is genuinely incredible.   The vast majority of people I try to alert to this new reality think I'm exaggerating. People have no idea of the cognitive tsunami that is about to hit us.
1998003398696661057,2025-12-08 12:15:06+00:00,Evidence_X_News,"Toddlerâ€™s Chilling â€œFlood 2.0â€ Prophecy: 800m Tsunami, Sharks, &amp; Earth as a Glitchy Simulation?  A viral video captures a young child in his car seat delivering an eerily detailed â€œprophecyâ€: a massive â€œFlood 2.0â€ with an 800-meter-high tsunami carrying great white sharks. He https://t.co/83xM4m781P"
1998002654442639815,2025-12-08 12:12:08+00:00,SSDWarIord,"@Ganglosaxonnne @Avernusmite Its implied that nukes had something to do with it, but a boat THAT high? Probably a tsunami. A huge one probably caused by a nuclear blast."
1998002354285899824,2025-12-08 12:10:57+00:00,Jaque271178991,@Tsunami__0 @ash4nd1021 1 singular pity vote in 2013 from a salty Boston journalist that cost LeBron a unanimous MVP ğŸ˜‚.
1998002120209903669,2025-12-08 12:10:01+00:00,RealAmVoice,BLUE LINE TSUNAMI: @USCCARob warns police shortages are leaving Americans exposed â€” â€œYou must become an active stakeholder in your own safety and personal security.â€  @stevegrubershow https://t.co/kpWewB5f4i
1998001376123863074,2025-12-08 12:07:03+00:00,OfPlanet23390,Even the mighty T. rex had its playful moments. But with that sizeâ€¦ one jump turns a tiny puddle into a prehistoric tsunami. ğŸ’¦ğŸ¦–
1998001153339281770,2025-12-08 12:06:10+00:00,werdna99,"@Ganglosaxonnne A giant tsunami prove the ship through the building, and then the sea went away."
1998000846617850060,2025-12-08 12:04:57+00:00,investandcreate,"@realEstateTrent Working in the creative industries (music, video production, broadcast), and hearing the conversations in the field, I think the pushback against AI-created content is going to be massive - itâ€™ll be a tsunami.  AI tools on the other hand will keep growing and continue to be"
1998000776724017414,2025-12-08 12:04:40+00:00,Chavlover20211,I ğŸ¥° remembering how good it felt to have his powerful thighs squeezing my head pinning my throat to his magnificent cock as he unleashes a tsunami of his creamy spunk deep in my throat. I would hold him lost in the joys of his cock in my throat I would ğŸ« . We go to mine he ğŸ˜Š https://t.co/6V3BAnWlqy
1998000552492294578,2025-12-08 12:03:47+00:00,bitstratcap,"2/7 For context:  France has 67 million people  12 million = ~18% of the entire population getting native crypto trading in their normal bank app Thatâ€™s BlackRock ETF-level retail on-ramp, but without leaving your checking account. Liquidity tsunami incoming."
1998000029764931907,2025-12-08 12:01:42+00:00,KaitoAura,@fuelkek Pengu isn't just leading it's the sentiment oracle for the next liquidity tsunami. OGs know: memes surface before the tide.
1997999912089264272,2025-12-08 12:01:14+00:00,TheDisgracedVox,"I wouldn't say cut the underwater sea cables, but the clouds need to be evarporated.  While we might not want a flood, constantly pushing back the tsunami only creates exponentially greater threats in the future."
1997999571843064130,2025-12-08 11:59:53+00:00,ynwaec,"@robertmarawa He did very well for Liverpool we all agree, but the tantrum accusing the club of throwing him under the bus. He is off form, heâ€™s turning 34 soon. Only 3 games on the bench and now He brings Tsunami haykhona."
1997999496979259466,2025-12-08 11:59:35+00:00,James9123636461,@HustleBitch_ A massive tsunami could mean an internet crash that even the establishment cannot fight. All the data could get wiped. It would be terrifying but also terrific in a way.
1997999386295455963,2025-12-08 11:59:09+00:00,markofagenius,It feels like a Tsunami of issues is about to flush Farage away.
1997998917439357134,2025-12-08 11:57:17+00:00,KanSamuel,"@HustleBitch_ That kid didn't make up any of the things he said. He mentioned ""scientist"" , ""they call it Tsunami 2.0"", ""guy said"".  It is kind of funny to listen to that kid. But there can be hidden messages. Sounds like Moses telling Pharaoh what is coming."
1997997263969276067,2025-12-08 11:50:43+00:00,cryptotrading61,@Investments_CEO $20T incoming? Thatâ€™s not just liquidity â€” thatâ€™s a tsunami for markets. ğŸš€
1997996118198882435,2025-12-08 11:46:10+00:00,FleischerJ65855,Tsunami waves are often preceded by a sudden drop in sea level. https://t.co/XmGxfu7oOh
1997996094010069222,2025-12-08 11:46:04+00:00,Catmemeseason,"@Poloniex BOOM! Jedi Cat unleashes the GREEN TSUNAMI Poloniex, you're the hype MASTER igniting unstoppable wins!ğŸ˜¼ğŸš€  Vibes on MAX, gains exploding the galaxy's never been this ELECTRIC!âš¡@Poloniex https://t.co/mfh4tXQeBb"
1997995809594597621,2025-12-08 11:44:56+00:00,maximumpain333,THIS GIFTED KID TALKS ABOUT THE TSUNAMI AND THE SIMULATION  âœ¨ğŸ™ŒğŸ¾ğŸ’«  Â© nico30kennedy https://t.co/3SPyB2a6m5
1997994258788237425,2025-12-08 11:38:46+00:00,Yoiks67,"@visegrad24 A loan that will never be repaid , just tike the tsunami of money already dumped there"
1997994157340860772,2025-12-08 11:38:22+00:00,Veecoola,@RTATrend Y'all fcking liars. I pray for y'all to rot in hell after getting devoured by the upcoming tsunami ğŸ¤¬ğŸ¤¬ğŸ¤¬
1997993544888533408,2025-12-08 11:35:56+00:00,RashidiMiriam,@CryptoLady_M Liquidity tsunami incoming! Batten down the hatches. ğŸŒŠ
1997992923816698246,2025-12-08 11:33:28+00:00,JulieYa10842350,"@elonmusk More powerful, influential people need to speak up too and cause a truth tsunami, one so loud the people everywhere hear it and unite to save Europe from the nonsense intent on destroying it!"
1997992529162039372,2025-12-08 11:31:54+00:00,TDliketokn90117,@HaraldRodney @NickJFreitas they*... their wars... led to a tsunami of refugees and fake refugees looking for revenge on the west.... or just to plunder the welfare systems and spread islam...or both... which isnt really good news either.
1997992452859253239,2025-12-08 11:31:36+00:00,Patrick68235675,@HustleBitch_ When Russi will hit UK then will be tsunami for 800m he is right. Everything will be happen end of this year or next
1997991308896694313,2025-12-08 11:27:03+00:00,FortunateFields,"@martytaka777 â€œA democratic economyâ€, â€œa democratic form of ownershipâ€ ğŸ¤¯ Is that what theyâ€™re calling it now  Itâ€™s in womenâ€™s nature, handing women the reigns of society is literally setting the foundation for a massive communist tsunami"
1997991210208927823,2025-12-08 11:26:40+00:00,hamasuho,"@surajit_ghosh2 Earthquake, tsunami, and volcanic eruption integrated sensor network https://t.co/YanzEjOOH5"
1997991194203447360,2025-12-08 11:26:36+00:00,Thanhthuyweb3,"@QuintenFrancois Buckle up, buttercupâ€”liquidity tsunami incoming."
1997991144752656727,2025-12-08 11:26:24+00:00,FijiSeismology,"Earthquake Information bulletin issued. Date: 08/12/2025 Time: 11:08:23 PM Magnitude: 4.1 Depth: 585 km Location:  96 km SSE from Ogea Levu, Lau However, it does not pose any immediate tsunami threat to the Fiji region. https://t.co/YsdmjulNX5"
1997990750651334905,2025-12-08 11:24:50+00:00,Anniepop2027,"Honestly James, list of possible leaders including Ed Miliband and most of the others shows you how brilliant @Keir_Starmer is..   The tsunami heâ€™s had to put up with of RW biased media and more sinister and heâ€™s handled it brilliantly .. imagine the others?@LBC #StickWithKeir"
1997990744611836165,2025-12-08 11:24:49+00:00,Hitmanwin02007,@_AndyOnBase @jessepollak @base I'm waiting for this tsunami dude ğŸ˜ğŸ˜ğŸ˜ @_AndyOnBase will be flooded in the tsunami ğŸ’¯ğŸ’¯
1997990638831251510,2025-12-08 11:24:23+00:00,Cheeseman385161,Big $Engrave News Coming ğŸ‘€  Better pack those bags ğŸ’°ğŸ’°  @M4Cero riding the tsunami ğŸŒŠ https://t.co/evDGEvEhaB https://t.co/IGaCgw9QY2
1997990606161752366,2025-12-08 11:24:16+00:00,noflagtowave,@Matt_Pinner Best practice is to create a small bow wave. This dickhead created a tsunami. ğŸ¤£ğŸ¤£
1997990135720206648,2025-12-08 11:22:23+00:00,l3l_aze,"@HustleBitch_ He's repeating a few ""conspiracy theories"". Flood one sounds like the polarity shift = world stops to change spin direction (why?), and because it spins at  thousands of miles an hour that'd cause a massive tsunami worldwide and we'd all be on oceanfront property temporarily."
1997990000479121574,2025-12-08 11:21:51+00:00,rawduggy,@TaraBull ngl i did have a dream of purple skies with tsunami size of eiffel tower shit was scary i was running ğŸ˜‚ then woke up
1997989966152896524,2025-12-08 11:21:43+00:00,Sunflower728907,@HustleBitch_ He's the cutest. I saw the flood in a dream last month. That tsunami was huge. Afterwards we had to go look for survivors. I woke up really upset. Before I woke up I yelled at some peeps for letting it happen but this is bigger than all of us. Yes we're tiny people in a sim.
1997989213971656806,2025-12-08 11:18:44+00:00,bubblegutwetbut,@StarrJpost You are a cold blooded murderer. A terrorist. Let the guilt of your war crimes wash over you like a tsunami
1997988863877234784,2025-12-08 11:17:20+00:00,_AndyOnBase,".@jessepollak, imagine the amount of on-chain volume once the next Pepe moons on @base. It'll be a TX tsunami dude. https://t.co/Y0xBIFyFK1"
1997988658654171609,2025-12-08 11:16:31+00:00,sepehrshams13,@vee_fi Imagine if mother nature gets angry... tsunami will happen
1997988328826921144,2025-12-08 11:15:13+00:00,carryzandar,@MattyFC__ I forgot when you became relevant suddenly to watch your match just to hate ğŸ¤£  Your die heart fans are not watching the shit you call football.  I'm just waiting for meme tsunami to flood my timeline because your game is more of a  comedy movie than Football game
1997988078904901730,2025-12-08 11:14:13+00:00,SMBilly391,@TopGyaru nah i heard theres gonna be a tsunami in a few minutes
1997987401726320713,2025-12-08 11:11:32+00:00,ianridho_,UNESCO Memory of the World (MOW) in Indonesia 1. Archives of the Dutch East India Company  2. La Galigo 3. Nagarakretagama 4. Babad Diponegoro 5. Asian-African Conference Archives  6. Borobudur Conservation Archives 7. The Indian Ocean Tsunami Archives 8. Panji Tales Manuscriptsâ€”
1997987023089439084,2025-12-08 11:10:01+00:00,tweetdodger,"@DarlingtonUnion Claims of ""all out war"" are a hyperbolic fantasy from the CLC &amp; Express.  But there will certainly be an ET, and if necessary an EAT.  We will crowdfund a tsunami of lawfare for as long as necessary to force employers &amp; service providers to comply with the law. And we will win."
1997984818160685419,2025-12-08 11:01:16+00:00,jrespoir6,BRACE FOR IMPACT: Rainfall TSUNAMI Imminent!  #BRACE #IMPACT #Rainfall #Europe https://t.co/4rLSTSBjG7
1997984613038461204,2025-12-08 11:00:27+00:00,akhiltiwari0101,#TOXIC starring #Yash gets a HUGE COMPETITOR in the Hindi market as #DHURANDHAR PART 2 will now EXPLODE the box office on 19th Marchâ€™26. Itâ€™ll be a BOX OFFICE TSUNAMI! The #Monday advances and early morning movement suggest the audience has EMBRACED Dhurandhar Part 1.ğŸ”¥ğŸ”¥ https://t.co/9xs4su9iww
1997983379879247903,2025-12-08 10:55:33+00:00,InvestnetSA,"RBA, FOMC, and SNB, the forex stage is set. Big moves ahead. Trade smart. Start now with Investnet x Tsunami Trading. #Investnet #ForexNews #MarketUpdate #TradingSA #EconomicCalendar https://t.co/Zjez9OQXfo"
1997983020167442646,2025-12-08 10:54:07+00:00,Turiya1879,"â€œChina has ramped up considerably its sales to other countries. From cars to solar panels to consumer electronics, a tsunami of Chinese exports is flooding Southeast Asia, Africa, Europe and Latin America.â€  https://t.co/sObll2fVv4"
1997982794086015045,2025-12-08 10:53:13+00:00,DDaisy999,"@TopGyaru There is no earthquake, but a tsunami inside this van. Someone is really enjoying!"
1997982783503847895,2025-12-08 10:53:10+00:00,0LSM0KY,@GuntherEagleman 2026 is going to be a blue tsunami. ğŸŒŠ #SpinelessUselessIdiots
1997981496359940346,2025-12-08 10:48:04+00:00,max_redington,.@LeeAndersonMP_ Please ask @KemiBadenoch how you can look @fionagoddarduk in the eye and say â€œthe system failed youâ€ when your government was the system. This isnâ€™t a wave youâ€™re surfing; itâ€™s the Tory-made tsunami you helped send ashore.
1997980911489384955,2025-12-08 10:45:44+00:00,max_redington,"@LeeAndersonMP_  please ask @KemiBadenoch, how can you look @fionagoddarduk  in the eye and say ""the system failed you"" when your government was the system? This isn't a wave you're surfing; it's the Tory-made tsunami you helped send ashore."
1997980684330152190,2025-12-08 10:44:50+00:00,eyejnum,No one is prepared for the next x402 tsunami ğŸŒŠ  And you will ğŸ‘€ğŸ‘€ it coming from miles awayâ€¦.  $engrave https://t.co/qOfouO4Vur
1997980277583282500,2025-12-08 10:43:13+00:00,Dioclet54046121,This is such an important thread. Fake LBMA numbers and anti-#silver psyops by Daniel Ghali and TD Bank is like trying to hold back a tsunami with a paper cup. https://t.co/TlH4QsIefm
1997980013396705408,2025-12-08 10:42:10+00:00,PROVE_nuel,"@alt_tgbwears Brooo  Even tsunami happen for your side,I no go press pass 5k"
1997979463204720814,2025-12-08 10:39:59+00:00,BlueCobra132912,@CNNEE .@CNNEE When did #Alaska trigger the global tsunami? https://t.co/VtJJvZm1c7 #JanPaweÅ‚2 #JanPaweÅ‚II #Pole #KarolWojtyÅ‚a #WojtyÅ‚a #Poland #Pope #Politics #day #today #religion #Church #Vatican #Rome #world #Europe #Soviet #Russia #history #Poland #USSR #Anchorage #Reagan
1997979380685865091,2025-12-08 10:39:39+00:00,BlueCobra132912,@CNNEE .@CNNEE When #Alaska started a global tsunami https://t.co/VtJJvZm1c7 #JanPaweÅ‚2 #JanPaweÅ‚II #Pole #KarolWojtyÅ‚a #WojtyÅ‚a #Poland #Pope #Politics #news #important #day #today #religion #Church #Vatican #Rome #world #Europe #Soviet #Russia #history #Poland
1997979105795424573,2025-12-08 10:38:34+00:00,StheM87387,@JosephKrobbie They've heard and the football gods will grant OPFC â˜ ï¸ and him in particular. The Tsunami boys are resurrected. One game at a time and one cup at a time. Vuka mathambo .. thangana. Shapa Bhakabhaka â˜ ï¸ Shapa. Even at 75%!!! https://t.co/OYY0LSE1XS
1997979086195474637,2025-12-08 10:38:29+00:00,honey_bumbles,final push to strangle truth before the transparency tsunami; as Hillary Clinton comes after Elons' X-ARMY   ğŸ ğŸ ğŸ ğŸ ğŸ ğŸ ğŸ ğŸ ğŸ ğŸ https://t.co/OJGH5pF8Gx
1997978643352486166,2025-12-08 10:36:43+00:00,El_Imam_caliph,@Realoilsheikh The kind tears wey go full this comment sections when dem chukwudi return home from selling okpa by evening go pass tsunami ğŸ¤£ğŸ˜­
1997978615028318508,2025-12-08 10:36:37+00:00,bobo_huge,"@DinaHuon4 @un_cha_un Dont waste your energy with an evil dog...we pray for karma to condamn this evil Siam land...pray for flood and earthquake, especially tsunami to hit this nation"
1997978559504318921,2025-12-08 10:36:23+00:00,IloveJesus1975,"The Aceh region was hit hard by the 2004 tsunami, AP reports. 230,000 people from around the world died in the natural disaster more than 20 years ago. Of these, 160,000 deaths occurred in Aceh."
1997977924792713300,2025-12-08 10:33:52+00:00,kualla,@EricLDaugh @KatieDaviscourt Operation:  Hurricane Surfs Tsunami https://t.co/CuwpEiIXEu
1997977766588014937,2025-12-08 10:33:14+00:00,NathanMill72368,Tsunami waves are often preceded by a sudden drop in sea level.
1997977248708628531,2025-12-08 10:31:11+00:00,TrendsVogue,@NewsWireLK Can the Rajapaksa's @PresRajapaksa @RajapaksaNamal @GotabayaR bring back the stolen money? Specifically the stolen Tsunami aid ( Helping Humbanthota fund).  @RW_SRILANKA @sajithpremadasa @officialunp @sjbsrilanka @ChandrikaCBK @adaderana @AzzamAmeen @NewsWireLK @Dailymirror_SL
1997977225828958211,2025-12-08 10:31:05+00:00,ExaminerLK,Read more -&gt; https://t.co/10fi5Gqpjr
1997977219076096008,2025-12-08 10:31:04+00:00,ExaminerLK,Preliminary impact assessments suggests Ditwah's scale of damage is similar to the Tsunami. Several hundred million dollars in aid is currently being earmarked.
1997977217557745764,2025-12-08 10:31:03+00:00,WTPWantTheTruth,Hereâ€™s one of the first clues to the new voting system that we will be on for the midterms..  NO CHEATING !!!  The country will be Bright red â€¦  The Red Tsunami is incoming !! https://t.co/rFZ6aokKMV
1997976746331640116,2025-12-08 10:29:11+00:00,Brasil_Xrp,@XRPwallets From 79 million in April to 523 million in October... this is turning into a tsunami of XRP entering regulated products ğŸš€   Those who laughed at the collateral system in 2017 are now silent.
1997976720645730379,2025-12-08 10:29:05+00:00,Drac0logic,@Jonneh_Tsunami It makes me thank God for life i admit since i was little this song triggered cry too because i was too much around and saw many friends lost their lives on the street
1997976066049360076,2025-12-08 10:26:29+00:00,swagmonkey76,@backaIIie @augustfifth2022 @feet_tsunami Hate to say it but yea qp and smurfing is all thatâ€™s decent on that game atp. Maybe meta next season is fun
1997975871182028850,2025-12-08 10:25:42+00:00,nrupatungaa,P in Pneumonia T in Tsunami Me in Team Meeting S in Island
1997975805989683431,2025-12-08 10:25:27+00:00,TrendsVogue,@milindarj Can the Rajapaksa's @PresRajapaksa @RajapaksaNamal @GotabayaR bring back the stolen money? Specifically the stolen Tsunami aid ( Helping Humbanthota fund).  @RW_SRILANKA @sajithpremadasa @officialunp @sjbsrilanka @ChandrikaCBK @adaderana @AzzamAmeen @NewsWireLK @Dailymirror_SL
1997975477424681288,2025-12-08 10:24:09+00:00,TDliketokn90117,@HaraldRodney @NickJFreitas the bombed out a tsunami of migrants flooding the whole west... :|
1997975335493615829,2025-12-08 10:23:35+00:00,G58Roni,@tomzanaNthane Wait until you get knocked out of CAF lite.. we are preparing tsunami banters ğŸ¤£ğŸ¤£ğŸ¤£ğŸ¤£ğŸ¤£ğŸ¤£ğŸ¤£ğŸ¤£ğŸ¤£ğŸ¤£ğŸ¤£ğŸ¤£ğŸ¤£ğŸ¤£ğŸ¤£
1997975059177300315,2025-12-08 10:22:29+00:00,GMacL114,@JamesEFoster @AngelaRayner @Keir_Starmer A lot depends on Rayner's advisers of course. But I still suspect that the Blairites will not compromise until it is too late &amp; the tsunami hits them in 4 years
1997974967540183268,2025-12-08 10:22:07+00:00,Kri5h_eth19f,@Samarjit71 @zama yea zama waves hitting tsunami levels fr
1997974750954655887,2025-12-08 10:21:15+00:00,deen_3011,@NewsWireLK Namal baby talking about â€œmoral dutyâ€ is rich especially from the dynasty that treated the 2004 tsunami fund as a family savings account ğŸ˜‚.   Now he wants Parliament to sit weekly? Must be Hard to â€˜serve with dignityâ€™ when thereâ€™s no disaster to loot and no pocket to reach into.
1997974149911007676,2025-12-08 10:18:52+00:00,Girlscout05,Hahaha A typical Tsunami  They cannot jail everyone!  And that's the thing everyone needs to participate all at the same time.. Elon cannot keep taking hundreds of millions of dollars in fines if you guys don't rise together. But I'm curious what they get jailed for liking a post https://t.co/SPligtN4H6
1997973953604952227,2025-12-08 10:18:05+00:00,RooneySianny,"@angeloinchina Strangely, you haven't covered or mentioned anything about the huge natural disasters, tsunami &amp; flood in Indonesia. You only talk about Indonesia when you need to protect war criminal Prabowo &amp; calling the protests ""colour revolution"". ğŸ¤¡ğŸ’© Chinese &amp; Russian PRESSTITUTE SEXPAT! https://t.co/Jv4zhtBEKL"
1997973631583060466,2025-12-08 10:16:48+00:00,Drac0logic,@Jonneh_Tsunami Welcome to $crypto community currency coin
1997973082456109388,2025-12-08 10:14:38+00:00,Projectsjamie,@TopShagger2121 @stonersvilla @ha4distic Comparing weed to hard drugs is like comparing a wave to a tsunami
1997972052834198001,2025-12-08 10:10:32+00:00,TheNullWisp,@TopGyaru That probably caused a tsunami in the back of that van! Thots and players! https://t.co/8lyAGFrXf0
1997971674160120130,2025-12-08 10:09:02+00:00,samirandashecco,BREAKING: I Opened My Eyes And Saw PLASTIC INVADING EVERY INCH Of My Life!! Bags! Bottles! Even My TOOTHBRUSH Betrayed Me!! Then It Hit Me Like A Tsunami Of Truth â€“ The Apocalypse Startsâ€¦ With Your Daily Habits!! You Wonâ€™t Believe What I Did Next!!
1997971134449647941,2025-12-08 10:06:53+00:00,HarbingerKe,@FurkanGozukara Jesus Christ smiled with me as he told me that something - a Great Tsunami -was coming! He lives!
1997970977179988028,2025-12-08 10:06:16+00:00,huddleke,@LauraLoomer @QueenAnitaDBS These idiot politicians are going to cause the nation to boil into a tsunami of 1861. We may see a day where the tree of liberty is fed. They are so clueless that theyâ€™re sitting on a powder keg playing with matches.
1997970802428477765,2025-12-08 10:05:34+00:00,NtMihlali,"@dimphomanala @just_tlhogii A tsunami is the reaction of water due to an earthquake. The water exude the same energy it got from earth. A reaction for an action. That's literally what I've been sayingğŸ˜‚ğŸ¤·ğŸ¿â€â™€ï¸ for EVERY ACTION THERE'S A REACTION. Nothing is above this law. You steal u go in jail, KARMA!!!!!"
1997970578196902251,2025-12-08 10:04:40+00:00,stevelauda_,"Top 4 albums (3 EPs, 1 LP) in 2025 for me  1. King of Terrors by President 2. All That Follows by Currents 3. Tsunami Sea by Spiritbox 4. Left For Good by Bad Omens  This year is a treat! https://t.co/ncSqcXscxi"
1997969986745421846,2025-12-08 10:02:19+00:00,jess_rivas97740,Tsunami waves are often preceded by a sudden drop in sea level. https://t.co/EoDlewa7I8
1997969392542576832,2025-12-08 09:59:58+00:00,dimphomanala,"@NtMihlali @just_tlhogii Lol exactly , I did physics up until varsity and let me tell u , whatâ€™s right and wrong have no business in nature. If a tsunami wants to hit it will do so and it will not get consequences, thatâ€™s where our disconnect is!"
1997967273781596465,2025-12-08 09:51:33+00:00,aakashsolanki_,P in pneumonia T in tsunami I in island Me in team meetings
1997967143812604158,2025-12-08 09:51:02+00:00,grok,"@K1ngofHearts @HustleBitch_ No, there's no credible evidence for an 800-meter tsunami or ""Flood 2.0."" Recent floods hit Asia, but nothing matches this scale. Simulation theory is a fun hypothesis from philosophers like Nick Bostrom, but it's unprovenâ€”no glitches confirmed. Kids often blend imagination with"
1997966776982978971,2025-12-08 09:49:34+00:00,DJLebron11,Just like Tsunami relief https://t.co/RrwzmDNLMj
1997966731525116253,2025-12-08 09:49:23+00:00,retakeeuropa,"@DeIudedShaniqwa Honestly it's an achievement. Those guys are so unlikable that despite only being a few millions, they became more hated than a global tsunami of billions of jeets"
1997966388204625977,2025-12-08 09:48:02+00:00,GeoMetatron,"@HustleBitch_ Kids say the wildest shit when their brains are wiring up reality. He probably picked up â€œtsunami,â€ â€œsimulation,â€ and â€œglitchâ€ from YouTube Shorts and adult conversations, then remixed it all in that fearless, dead-serious toddler way. The calm delivery and big words make it"
1997966108759130168,2025-12-08 09:46:55+00:00,YellowRoseTx51,"@Bo_Wright @HustleBitch_ Its a tsunami, not a deluge. Its only the start, it ends with fire."
